Data	{2nd pretonic}	{1st pretonic}	{tonic (stressed)}
{I (CSR)}	22.65625	31.25	46.09375
{II (Msk)}	14.5833333333333	38.3333333333333	47.0833333333333
{III (Msk. old)}	12.109375	39.0625	48.828125
{V (Central)}	4.70588235294118	48.2352941176471	47.0588235294118
{VIII (North.)}	24.5901639344262	27.3224043715847	48.0874316939891
{IX (Ural)}	20.1219512195122	32.3170731707317	47.5609756097561
