,LAC,Segments,Binary,Tone-to-string,OCO,GH-T
LAC,1,0.47397809,0.086816453,0.213968775,0.248830419,0.175446341
Segments,0.47397809,1,0.128285354,0.170559653,0.191291009,0.136672274
Binary,0.086816453,0.128285354,1,0.417229332,0.317176519,0.336109314
Tone-to-string,0.213968775,0.170559653,0.417229332,1,0.437931329,0.424621696
OCO,0.248830419,0.191291009,0.317176519,0.437931329,1,0.501917101
GH-T,0.175446341,0.136672274,0.336109314,0.424621696,0.501917101,1
